{"cameraMode":{"drawMode":0,"name":"Shaded","section":"Shading Mode"},"sceneLighting":false,"audioPlay":false,"sceneViewState":{"showFog":true,"showMaterialUpdate":false,"showSkybox":false,"showFlares":true,"showImageEffects":true,"showParticleSystems":true},"in2DMode":false,"pivot":{"x":-1.559999942779541,"y":0.26999998092651369,"z":-1.0099999904632569},"rotation":{"x":-0.11254476010799408,"y":0.022945545613765718,"z":-0.0026293285191059114,"w":-0.9934242963790894},"size":2.0289418697357179,"orthographic":false}