{"cameraMode":{"drawMode":0,"name":"Shaded","section":"Shading Mode"},"sceneLighting":true,"audioPlay":false,"sceneViewState":{"showFog":true,"showMaterialUpdate":false,"showSkybox":false,"showFlares":true,"showImageEffects":true,"showParticleSystems":true},"in2DMode":false,"pivot":{"x":0.06005413830280304,"y":-0.4165571928024292,"z":-4.6684675216674809},"rotation":{"x":-0.09167138487100601,"y":-0.022066250443458558,"z":0.0019081684295088053,"w":-0.9956507086753845},"size":8.974254608154297,"orthographic":false}